名前,評価,第1候補日,第2候補日,第3候補日
山田太郎,A,2024-06-02 17:30:00,2024-06-02 18:30:00,2024-05-30 16:00:00
鈴木花子,A,2024-05-28 14:30:00,2024-06-01 18:00:00,2024-06-01 13:00:00
佐藤次郎,C,2024-05-27 17:00:00,2024-06-02 15:00:00,2024-05-31 13:00:00
高橋美咲,B,2024-05-27 17:30:00,2024-05-27 17:30:00,2024-05-30 11:00:00
田中一郎,C,2024-05-31 14:30:00,2024-05-28 16:30:00,2024-05-29 11:00:00
伊藤美智子,B,2024-05-27 12:00:00,2024-06-01 12:30:00,2024-05-29 11:30:00
渡辺正樹,B,2024-06-02 15:00:00,2024-05-27 16:00:00,2024-05-28 15:30:00
小林悠,B,2024-05-27 14:00:00,2024-05-30 16:30:00,2024-05-28 15:00:00
加藤明子,C,2024-06-01 14:00:00,2024-06-02 11:30:00,2024-05-28 18:30:00
吉田健太,A,2024-06-02 17:00:00,2024-05-31 13:30:00,2024-05-29 18:30:00
山本彩,C,2024-06-01 13:00:00,2024-05-30 14:00:00,2024-05-29 16:00:00
中村優,B,2024-06-01 14:00:00,2024-05-29 14:30:00,2024-05-31 11:00:00
森田裕子,B,2024-05-30 17:00:00,2024-05-29 11:00:00,2024-05-29 13:00:00
池田哲也,A,2024-05-31 13:30:00,2024-05-27 17:30:00,2024-05-27 12:00:00
橋本光,B,2024-05-29 11:30:00,2024-06-01 11:30:00,2024-05-31 14:00:00
石井恵,A,2024-05-30 16:30:00,2024-05-28 13:00:00,2024-05-31 12:00:00
斉藤真一,A,2024-06-01 17:00:00,2024-05-29 13:00:00,2024-05-28 17:00:00
福田奈々,A,2024-05-27 13:30:00,2024-05-28 12:30:00,2024-06-02 12:00:00
松本亮,A,2024-06-02 15:30:00,2024-05-29 17:00:00,2024-05-28 14:30:00
小川智子,C,2024-06-02 12:30:00,2024-05-31 11:00:00,2024-05-31 11:00:00